Frame,X1,Y1,X2,Y2,Car_ID,Time
1,975,480,1057,513,1,10.033042669296265
1,1077,495,1161,528,2,10.033865928649902
2,967,481,1050,514,1,10.16539454460144
2,1071,495,1151,529,2,10.17990779876709
3,961,481,1047,514,1,10.314818620681763
3,1064,495,1149,530,2,10.314818620681763
4,954,480,1042,515,1,10.46360468864441
4,1058,495,1145,531,2,10.466145753860474
4,1160,485,1253,521,4,10.466145753860474
5,948,480,1036,515,1,10.6121187210083
5,1051,496,1138,531,2,10.6121187210083
5,1155,487,1238,521,4,10.6121187210083
6,941,480,1026,516,1,10.783506631851196
6,1045,495,1133,531,2,10.783506631851196
6,1147,488,1232,521,4,10.783506631851196
7,935,480,1022,516,1,10.927149534225464
7,1040,496,1129,532,2,10.927685260772705
7,1157,488,1234,522,4,10.928339719772339
8,930,481,1019,517,1,11.099491596221924
8,1034,496,1124,534,2,11.099491596221924
8,1143,488,1234,524,4,11.099491596221924
8,1325,497,1391,522,6,11.099491596221924
9,927,483,1015,518,1,11.228724718093872
9,1029,497,1121,536,2,11.228724718093872
9,1138,489,1232,525,4,11.228724718093872
9,1332,498,1389,523,6,11.228724718093872
10,923,484,1010,520,1,11.407395124435425
10,1025,499,1118,538,2,11.41026782989502
10,1134,490,1231,526,4,11.41026782989502
10,1320,500,1386,524,6,11.41026782989502
11,919,484,1008,521,1,11.598514318466187
11,1022,500,1115,539,2,11.598514318466187
11,1130,491,1228,528,4,11.6023428440094
11,1317,499,1384,526,6,11.6023428440094
12,913,486,1004,523,1,11.777832269668579
12,1018,502,1112,541,2,11.777832269668579
12,1128,492,1225,530,4,11.777832269668579
12,1314,500,1380,527,6,11.777832269668579
12,1227,497,1296,525,7,11.787358283996582
12,712,487,835,532,8,11.78837537765503
13,909,489,999,526,1,11.97189998626709
13,1013,503,1106,543,2,11.97189998626709
13,1124,494,1222,533,4,11.97189998626709
13,1312,503,1378,530,6,11.97189998626709
13,1226,499,1294,527,7,11.97189998626709
13,703,490,828,535,8,11.97189998626709
14,904,491,996,529,1,12.134385108947754
14,1005,506,1102,546,2,12.134385108947754
14,1119,497,1217,536,4,12.134385108947754
14,1309,507,1374,532,6,12.134385108947754
14,1217,501,1286,531,7,12.134385108947754
14,690,492,815,538,8,12.134385108947754
15,895,494,992,531,1,12.278667211532593
15,998,508,1097,549,2,12.279236316680908
15,1116,498,1214,537,4,12.279847145080566
15,1304,508,1370,534,6,12.280407428741455
15,1234,504,1285,533,7,12.280407428741455
15,676,495,806,541,8,12.281026363372803
16,890,496,984,532,1,12.44546389579773
16,992,509,1089,550,2,12.44546389579773
16,1111,499,1211,539,4,12.44546389579773
16,1301,509,1367,535,6,12.44546389579773
16,1213,505,1283,534,7,12.44546389579773
16,662,494,795,542,8,12.44546389579773
17,885,495,977,532,1,12.671280860900879
17,987,509,1088,550,2,12.671280860900879
17,1109,499,1206,539,4,12.67392897605896
17,1297,509,1366,536,6,12.674201250076294
17,1210,505,1280,534,7,12.675248384475708
17,650,494,787,543,8,12.675248384475708
18,880,494,974,532,1,12.833030462265015
18,981,509,1083,550,2,12.833030462265015
18,1106,498,1203,538,4,12.833030462265015
18,1295,508,1364,535,6,12.833030462265015
18,1213,504,1277,534,7,12.833030462265015
18,639,494,770,543,8,12.833030462265015
19,875,494,974,532,1,12.963019847869873
19,976,509,1079,550,2,12.963019847869873
19,1103,497,1202,538,4,12.963019847869873
19,1292,506,1363,535,6,12.963019847869873
19,1205,503,1275,534,7,12.963019847869873
19,626,494,763,542,8,12.963019847869873
20,871,494,973,532,1,13.099299669265747
20,971,508,1075,551,2,13.099299669265747
20,1098,496,1200,538,4,13.099299669265747
20,1290,505,1362,535,6,13.099299669265747
20,1201,503,1274,534,7,13.099299669265747
20,614,492,757,543,8,13.099299669265747
21,866,493,970,532,1,13.250969409942627
21,965,508,1070,551,2,13.250969409942627
21,1096,496,1196,538,4,13.250969409942627
21,1288,505,1360,534,6,13.250969409942627
21,1198,502,1272,533,7,13.250969409942627
21,600,492,749,543,8,13.250969409942627
22,859,494,963,532,1,13.431877374649048
22,959,509,1066,552,2,13.431877374649048
22,1093,496,1193,539,4,13.44136118888855
22,1286,505,1357,535,6,13.44136118888855
22,1194,503,1268,534,7,13.44136118888855
22,588,492,736,543,8,13.44136118888855
23,854,495,960,533,1,13.612782001495361
23,952,509,1062,554,2,13.613348245620728
23,1091,497,1191,540,4,13.613951921463013
23,1285,505,1354,536,6,13.61445951461792
23,1191,502,1266,535,7,13.61445951461792
23,573,492,728,545,8,13.615541696548462
24,848,495,953,535,1,13.778911352157593
24,944,509,1057,554,2,13.778911352157593
24,1088,497,1188,541,4,13.778911352157593
24,1282,506,1353,536,6,13.778911352157593
24,1188,502,1264,535,7,13.778911352157593
24,559,492,718,545,8,13.778911352157593
25,842,494,947,535,1,13.961709976196289
25,939,510,1053,555,2,13.961709976196289
25,1085,498,1184,542,4,13.961709976196289
25,1278,507,1350,536,6,13.961709976196289
25,1184,503,1262,535,7,13.961709976196289
25,544,491,708,546,8,13.961709976196289
26,837,494,948,535,1,14.235273361206055
26,932,511,1048,556,2,14.237760066986084
26,1081,498,1181,542,4,14.239285945892334
26,1277,507,1350,537,6,14.24138879776001
26,1181,503,1259,536,7,14.242530584335327
26,529,491,699,546,8,14.245842933654785
27,830,496,929,536,1,14.527089595794678
27,927,511,1044,557,2,14.527089595794678
27,1078,499,1178,543,4,14.527089595794678
27,1277,507,1347,538,6,14.527089595794678
27,1179,504,1257,537,7,14.527089595794678
27,513,490,686,547,8,14.535494565963745
28,824,495,932,536,1,14.741195678710938
28,919,512,1039,558,2,14.741763591766357
28,1075,500,1175,543,4,14.741763591766357
28,1275,507,1347,538,6,14.742268562316895
28,1177,504,1255,537,7,14.742806196212769
28,498,490,675,547,8,14.743346214294434
29,819,494,934,536,1,14.88161587715149
29,913,511,1033,558,2,14.88161587715149
29,1074,499,1174,543,4,14.88161587715149
29,1272,508,1345,537,6,14.88161587715149
29,1176,503,1254,537,7,14.88161587715149
29,481,489,662,548,8,14.88161587715149
30,815,494,931,536,1,15.009150505065918
30,906,511,1030,559,2,15.009150505065918
30,1073,498,1172,544,4,15.009150505065918
30,1272,507,1345,538,6,15.009150505065918
30,1173,502,1253,537,7,15.009150505065918
30,464,488,651,548,8,15.009150505065918
31,808,494,926,537,1,15.177764654159546
31,897,511,1025,560,2,15.178369760513306
31,1072,498,1172,545,4,15.179481744766235
31,1274,507,1349,538,6,15.180088520050049
31,1172,502,1253,538,7,15.181135416030884
31,442,488,636,549,8,15.18248438835144
32,800,495,920,538,1,15.339088439941406
32,889,512,1020,562,2,15.340250015258789
32,1071,499,1172,546,4,15.34080457687378
32,1275,507,1353,541,6,15.341347694396973
32,1174,504,1255,540,7,15.341891050338745
32,416,488,617,551,8,15.343409061431885
33,792,495,916,539,1,15.481353521347046
33,879,513,1008,564,2,15.481353521347046
33,1071,500,1173,547,4,15.481353521347046
33,1278,510,1355,542,6,15.481353521347046
33,1174,506,1257,541,7,15.481353521347046
33,391,487,591,552,8,15.481353521347046
34,783,495,912,542,1,15.615854263305664
34,871,513,1000,566,2,15.615854263305664
34,1069,500,1173,549,4,15.615854263305664
34,1281,510,1359,544,6,15.615854263305664
34,1176,506,1259,542,7,15.615854263305664
34,362,484,579,551,8,15.615854263305664
35,776,494,908,541,1,15.781368494033813
35,864,512,991,567,2,15.781368494033813
35,1070,499,1173,549,4,15.781368494033813
35,1282,511,1363,544,6,15.781368494033813
35,1175,505,1262,543,7,15.781368494033813
35,337,481,562,550,8,15.781368494033813
36,770,491,907,539,1,15.936068534851074
36,859,511,991,567,2,15.936068534851074
36,1070,499,1175,549,4,15.936068534851074
36,1285,510,1368,544,6,15.936068534851074
36,1178,504,1264,543,7,15.936068534851074
36,313,479,544,549,8,15.936068534851074
37,765,490,901,538,1,16.083397388458252
37,852,509,985,567,2,16.083397388458252
37,1072,498,1177,548,4,16.083397388458252
37,1289,510,1372,544,6,16.083397388458252
37,1181,504,1267,543,7,16.083397388458252
37,290,476,531,547,8,16.083397388458252
38,762,489,891,537,1,16.247385263442993
38,846,509,982,567,2,16.247925281524658
38,1074,498,1178,549,4,16.248512506484985
38,1293,509,1379,544,6,16.248512506484985
38,1183,504,1272,542,7,16.249019145965576
38,266,473,517,547,8,16.249626398086548
39,760,489,890,537,1,16.37416982650757
39,839,509,979,568,2,16.37416982650757
39,1076,497,1180,549,4,16.37416982650757
39,1298,508,1383,543,6,16.37416982650757
39,1185,504,1275,542,7,16.37416982650757
39,245,471,504,548,8,16.37416982650757
40,756,489,888,537,1,16.543747663497925
40,831,509,986,569,2,16.54875922203064
40,1079,497,1182,549,4,16.54875922203064
40,1303,507,1390,543,6,16.54875922203064
40,1188,503,1281,542,7,16.54875922203064
40,223,471,487,548,8,16.552457094192505
41,751,491,893,539,1,16.728118658065796
41,825,509,990,571,2,16.72901725769043
41,1080,499,1183,550,4,16.72968101501465
41,1304,508,1393,544,6,16.73034977912903
41,1192,504,1284,542,7,16.731037855148315
41,199,472,473,551,8,16.73222851753235
42,747,492,890,540,1,16.897881269454956
42,820,509,992,572,2,16.897881269454956
42,1080,501,1184,552,4,16.897881269454956
42,1308,508,1395,544,6,16.897881269454956
42,1195,504,1287,543,7,16.897881269454956
42,173,473,456,554,8,16.897881269454956
43,740,492,875,540,1,17.069831132888794
43,813,510,970,573,2,17.07035541534424
43,1079,501,1186,552,4,17.070963382720947
43,1310,508,1401,544,6,17.071552515029907
43,1196,504,1289,543,7,17.072059392929077
43,145,474,439,557,8,17.072059392929077
44,736,492,877,541,1,17.21665859222412
44,802,510,966,575,2,17.21665859222412
44,1078,500,1187,552,4,17.21916627883911
44,1312,507,1405,544,6,17.21916627883911
44,1198,504,1291,543,7,17.21916627883911
44,116,475,421,560,8,17.21916627883911
45,733,493,876,543,1,17.396183490753174
45,795,510,945,577,2,17.396183490753174
45,1079,501,1191,554,4,17.396183490753174
45,1314,507,1409,545,6,17.396183490753174
45,1199,504,1295,544,7,17.396183490753174
45,87,477,403,564,8,17.396183490753174
46,728,494,886,544,1,17.58011484146118
46,790,510,952,580,2,17.58011484146118
46,1081,502,1196,555,4,17.58011484146118
46,1321,508,1415,545,6,17.58011484146118
46,1203,505,1299,544,7,17.58011484146118
46,54,478,383,568,8,17.59036660194397
47,720,494,885,546,1,17.730921506881714
47,779,514,950,584,2,17.730921506881714
47,1082,505,1196,557,4,17.730921506881714
47,1328,509,1424,547,6,17.730921506881714
47,1209,505,1308,547,7,17.730921506881714
47,9,478,355,570,8,17.730921506881714
48,711,496,879,549,1,17.866109371185303
48,765,518,948,588,2,17.866109371185303
48,1082,507,1202,561,4,17.866109371185303
48,1333,513,1434,550,6,17.866109371185303
48,1213,508,1314,550,7,17.866109371185303
48,0,476,324,572,8,17.866109371185303
49,699,496,873,550,1,18.017499208450317
49,750,519,944,592,2,18.017499208450317
49,1081,508,1204,564,4,18.017499208450317
49,1340,515,1442,553,6,18.017499208450317
49,1215,511,1319,552,7,18.017499208450317
49,0,473,288,574,8,18.017499208450317
50,686,496,866,551,1,18.176650285720825
50,733,519,944,594,2,18.176650285720825
50,1077,508,1207,567,4,18.176650285720825
50,1346,516,1449,555,6,18.176650285720825
50,1218,511,1326,555,7,18.176650285720825
50,0,471,251,574,8,18.176650285720825
51,674,496,863,551,1,18.303157806396484
51,716,519,939,597,2,18.303157806396484
51,1077,511,1208,569,4,18.303157806396484
51,1353,518,1458,558,6,18.303157806396484
51,1225,512,1331,557,7,18.303157806396484
52,661,496,849,554,1,18.432374238967896
52,700,519,926,600,2,18.432374238967896
52,1076,515,1213,572,4,18.432374238967896
52,1361,519,1465,560,6,18.432374238967896
52,1229,514,1339,560,7,18.432374238967896
53,651,496,845,556,1,18.581462860107422
53,680,520,918,603,2,18.581462860107422
53,1075,516,1214,574,4,18.581462860107422
53,1366,520,1475,561,6,18.581462860107422
53,1233,515,1344,560,7,18.581462860107422
54,642,495,842,557,1,18.747836589813232
54,665,521,914,605,2,18.747836589813232
54,1074,516,1217,575,4,18.747836589813232
54,1371,519,1484,562,6,18.747836589813232
54,1236,514,1350,561,7,18.747836589813232
55,631,495,836,556,1,18.883464097976685
55,649,521,908,608,2,18.883464097976685
55,1074,517,1222,575,4,18.883464097976685
55,1377,518,1491,561,6,18.883464097976685
55,1239,514,1355,562,7,18.883464097976685
56,617,499,835,558,1,19.032413721084595
56,632,521,901,611,2,19.032413721084595
56,1074,517,1224,577,4,19.032413721084595
56,1385,518,1500,562,6,19.032413721084595
56,1246,514,1363,562,7,19.032413721084595
57,612,511,892,614,2,19.21512460708618
57,1074,517,1226,579,4,19.21512460708618
57,1392,519,1513,564,6,19.21512460708618
57,1251,515,1369,563,7,19.21512460708618
58,591,518,879,618,2,19.414076805114746
58,1073,519,1224,580,4,19.414076805114746
58,1400,520,1521,565,6,19.414076805114746
58,1259,515,1377,565,7,19.414076805114746
59,565,505,868,621,2,19.65479564666748
59,1071,519,1226,581,4,19.65616011619568
59,1408,520,1529,566,6,19.65691041946411
59,1263,515,1385,566,7,19.657639980316162
60,537,514,853,624,2,19.878427028656006
60,1068,520,1228,583,4,19.878427028656006
60,1413,520,1538,566,6,19.878427028656006
60,1265,515,1386,567,7,19.878427028656006
61,509,518,835,628,2,20.06825017929077
61,1065,521,1224,585,4,20.06825017929077
61,1419,519,1545,567,6,20.06825017929077
61,1268,516,1393,568,7,20.06825017929077
62,480,510,820,632,2,20.28488564491272
62,1061,521,1224,588,4,20.28488564491272
62,1425,520,1554,569,6,20.28488564491272
62,1270,517,1400,571,7,20.294214010238647
63,446,502,802,637,2,20.43109130859375
63,1057,522,1229,590,4,20.43109130859375
63,1433,521,1563,570,6,20.43109130859375
63,1274,517,1410,573,7,20.43109130859375
64,408,504,782,642,2,20.614230394363403
64,1050,522,1229,592,4,20.614230394363403
64,1438,520,1567,570,6,20.614230394363403
64,1280,517,1416,573,7,20.614230394363403
65,367,500,763,646,2,20.81522226333618
65,1043,521,1226,594,4,20.81522226333618
65,1441,519,1578,570,6,20.81522226333618
65,1282,517,1422,574,7,20.81522226333618
66,324,499,743,651,2,20.994908571243286
66,1035,522,1226,594,4,20.994908571243286
66,1446,519,1584,571,6,20.994908571243286
66,1284,517,1427,575,7,20.994908571243286
67,279,514,713,655,2,21.160057544708252
67,1026,523,1221,596,4,21.160057544708252
67,1451,519,1590,572,6,21.160057544708252
67,1288,517,1433,577,7,21.160057544708252
68,227,520,681,660,2,21.326376914978027
68,1018,523,1221,599,4,21.330893754959106
68,1458,519,1604,573,6,21.330893754959106
68,1292,517,1440,579,7,21.332134008407593
68,424,496,720,578,1,21.33501696586609
69,171,522,648,665,2,21.505983114242554
69,1010,523,1220,601,4,21.506638526916504
69,1465,519,1614,574,6,21.506638526916504
69,1294,518,1449,581,7,21.506638526916504
69,440,496,705,583,1,21.509639978408813
70,109,524,614,671,2,21.679471254348755
70,1001,523,1219,603,4,21.679471254348755
70,1472,519,1627,575,6,21.679471254348755
70,1300,517,1459,582,7,21.68971061706543
70,429,496,687,586,1,21.69076132774353
71,42,523,578,677,2,21.883970022201538
71,993,523,1218,606,4,21.892034769058228
71,1482,519,1640,577,6,21.894050359725952
71,1302,518,1469,584,7,21.895654678344727
71,409,496,670,588,1,21.895654678344727
72,0,524,540,684,2,22.15953803062439
72,984,522,1219,608,4,22.160708904266357
72,1492,519,1658,578,6,22.16124415397644
72,1309,519,1479,585,7,22.163445949554443
72,380,494,651,591,1,22.165924072265625
73,0,524,498,692,2,22.314950704574585
73,975,523,1213,610,4,22.316142082214355
73,1505,519,1668,579,6,22.316561698913574
73,1310,519,1494,587,7,22.317748308181763
73,342,493,630,593,1,22.31826949119568
74,0,524,452,698,2,22.56786870956421
74,967,522,1213,612,4,22.56786870956421
74,1519,518,1691,580,6,22.56786870956421
74,1323,518,1510,588,7,22.56786870956421
74,305,492,611,595,1,22.575925827026367
75,0,524,402,702,2,22.863914966583252
75,957,521,1213,615,4,22.863914966583252
75,1531,518,1715,581,6,22.863914966583252
75,1333,518,1525,590,7,22.863914966583252
75,257,491,586,598,1,22.863914966583252
76,0,524,348,699,2,23.063466787338257
76,947,521,1214,619,4,23.063466787338257
76,1546,518,1737,583,6,23.063466787338257
76,1343,518,1543,593,7,23.063466787338257
76,182,489,563,600,1,23.063466787338257
77,0,523,290,701,2,23.21563982963562
77,934,521,1210,621,4,23.21563982963562
77,1563,518,1760,584,6,23.21563982963562
77,1354,518,1561,595,7,23.21563982963562
77,128,487,541,603,1,23.21563982963562
77,1222,508,1355,582,12,23.229214668273926
78,0,531,223,706,2,23.364892959594727
78,920,520,1207,624,4,23.364892959594727
78,1579,517,1782,586,6,23.364892959594727
78,1360,517,1576,595,7,23.381248474121094
78,71,486,516,607,1,23.381248474121094
78,1231,506,1366,582,12,23.382274627685547
79,0,535,152,696,2,23.529736518859863
79,906,520,1205,626,4,23.530490398406982
79,1596,516,1806,587,6,23.531809329986572
79,1372,517,1593,597,7,23.532352924346924
79,24,484,490,610,1,23.532971143722534
79,1227,504,1405,583,12,23.53402805328369
80,890,518,1206,629,4,23.695552825927734
80,1614,515,1831,588,6,23.696136236190796
80,1384,516,1610,601,7,23.69718647003174
80,0,483,460,614,1,23.697755098342896
80,1210,504,1419,585,12,23.698306560516357
81,876,516,1203,632,4,23.846189498901367
81,1635,514,1857,590,6,23.846189498901367
81,1397,516,1632,602,7,23.846189498901367
81,0,481,429,618,1,23.846189498901367
81,1212,504,1405,587,12,23.846189498901367
82,860,515,1224,634,4,23.99714756011963
82,1657,513,1881,590,6,23.99714756011963
82,1410,514,1656,604,7,23.99714756011963
82,0,480,396,620,1,23.99714756011963
82,1212,502,1409,587,12,24.012659788131714
83,842,514,1218,637,4,24.13239073753357
83,1680,510,1914,591,6,24.13239073753357
83,1423,513,1679,606,7,24.13239073753357
83,0,479,360,621,1,24.13239073753357
83,1211,499,1412,588,12,24.13239073753357
84,822,512,1201,640,4,24.312690258026123
84,1705,508,1920,590,6,24.312690258026123
84,1437,511,1701,606,7,24.312690258026123
84,0,477,332,622,1,24.312690258026123
84,1212,496,1430,588,12,24.312690258026123
85,798,509,1218,642,4,24.45213747024536
85,1729,506,1920,591,6,24.45251989364624
85,1451,510,1722,609,7,24.45251989364624
85,0,475,289,623,1,24.453076601028442
85,1211,494,1482,589,12,24.45370888710022
86,774,507,1220,647,4,24.604612112045288
86,1753,506,1920,593,6,24.607620000839233
86,1465,509,1752,612,7,24.608171463012695
86,0,474,245,625,1,24.608722686767578
86,1211,492,1513,590,12,24.609267950057983
87,746,508,1195,652,4,24.74913239479065
87,1779,506,1920,596,6,24.74913239479065
87,1478,510,1780,616,7,24.74913239479065
87,1210,492,1536,593,12,24.74913239479065
88,718,507,1202,657,4,24.899887323379517
88,1807,507,1920,598,6,24.899887323379517
88,1492,510,1810,620,7,24.899887323379517
88,1214,493,1513,596,12,24.899887323379517
89,690,507,1202,663,4,25.04856276512146
89,1838,514,1920,600,6,25.063578367233276
89,1509,510,1841,625,7,25.064802169799805
89,1219,493,1565,598,12,25.064802169799805
90,660,506,1200,667,4,25.261046409606934
90,1871,526,1920,599,6,25.26159429550171
90,1528,510,1877,630,7,25.26270842552185
90,1229,492,1597,601,12,25.263294458389282
91,628,505,1193,671,4,25.416235208511353
91,1546,509,1914,633,7,25.416789293289185
91,1239,490,1627,602,12,25.417333126068115
92,596,503,1187,674,4,25.539681434631348
92,1568,506,1920,635,7,25.539681434631348
92,1249,487,1654,602,12,25.539681434631348
93,559,500,1180,677,4,25.716408729553223
93,1588,503,1920,636,7,25.716408729553223
93,1260,482,1682,601,12,25.716408729553223
94,522,493,1169,676,4,25.88711452484131
94,1611,497,1920,634,7,25.88711452484131
94,1274,474,1712,598,12,25.88711452484131
95,482,487,1162,677,4,26.074060440063477
95,1638,490,1920,633,7,26.074060440063477
95,1290,465,1747,594,12,26.076859951019287
96,440,481,1155,680,4,26.27692222595215
96,1671,483,1920,633,7,26.27700686454773
96,1309,458,1790,592,12,26.278907775878906
97,391,477,1148,684,4,26.430753231048584
97,1704,485,1920,632,7,26.430753231048584
97,1330,452,1827,592,12,26.430753231048584
98,345,470,1139,688,4,26.584494829177856
98,1740,491,1920,635,7,26.584494829177856
98,1354,446,1880,592,12,26.584494829177856
99,297,467,1128,691,4,26.78224539756775
99,1778,497,1920,635,7,26.78336477279663
99,1377,437,1920,590,12,26.7850341796875
100,189,456,1077,699,4,26.965211868286133
100,1801,502,1914,638,7,26.96580696105957
100,1371,430,1920,594,12,26.966974020004272
101,169,460,1082,704,4,27.140806436538696
101,1412,428,1920,594,12,27.140806436538696
102,63,459,1025,715,4,27.2951557636261
102,1406,426,1920,600,12,27.2951557636261
103,0,456,981,722,4,27.476041555404663
103,1416,424,1914,604,12,27.477272510528564
104,0,452,943,726,4,27.642772674560547
104,1434,421,1911,606,12,27.642772674560547
105,0,450,951,724,4,27.796100616455078
105,1483,417,1920,603,12,27.796100616455078
106,0,443,930,724,4,27.96970534324646
106,1517,410,1920,601,12,27.971235990524292
107,0,434,854,725,4,28.159414768218994
107,1504,404,1904,603,12,28.159414768218994
108,0,427,811,720,4,28.37465810775757
108,1531,401,1894,602,12,28.37465810775757
109,0,421,779,719,4,28.560997247695923
109,1565,410,1894,599,12,28.560997247695923
110,0,415,746,716,4,28.80941343307495
110,1600,419,1896,596,12,28.80941343307495
111,0,409,713,712,4,28.94779133796692
111,1634,424,1903,592,12,28.94779133796692
112,0,400,671,707,4,29.113425970077515
112,1668,423,1908,588,12,29.113425970077515
113,28,391,675,701,4,29.282137632369995
115,0,385,537,709,4,29.5341215133667
116,23,387,525,714,4,29.679083347320557
117,31,389,479,720,4,29.832507610321045
120,0,411,294,726,4,30.19810724258423
131,1375,522,1920,904,18,31.576735258102417
138,0,476,47,586,24,32.65559220314026
139,0,478,41,580,24,32.79814124107361
140,0,481,39,574,24,32.94927406311035
141,0,495,34,578,24,33.09133052825928
142,0,512,30,586,24,33.31592583656311
143,0,519,29,596,24,33.54317283630371
150,1408,358,1906,631,25,34.83238410949707
155,0,488,222,694,26,35.56752586364746
156,0,481,236,697,26,35.79293632507324
157,6,472,258,695,26,35.97601342201233
158,1,462,275,684,26,36.14563488960266
159,0,454,296,675,26,36.33663511276245
160,0,446,320,672,26,36.49776768684387
161,0,440,341,675,26,36.69580602645874
161,1390,323,1918,572,25,36.69580602645874
162,0,437,356,678,26,36.927549839019775
162,648,424,1471,697,27,36.927549839019775
162,1389,323,1920,571,25,36.927549839019775
163,0,438,371,681,26,37.14458775520325
163,644,434,1449,699,27,37.14458775520325
163,1370,328,1920,577,25,37.16177701950073
164,0,447,380,689,26,37.373809814453125
164,636,444,1428,707,27,37.374366760253906
164,1361,338,1920,587,25,37.3748996257782
165,0,457,388,696,26,37.56327676773071
165,625,456,1391,716,27,37.56327676773071
165,1347,352,1920,600,25,37.56327676773071
166,0,467,394,704,26,37.759289026260376
166,615,467,1392,725,27,37.759289026260376
166,1331,365,1920,612,25,37.759289026260376
167,0,497,341,712,26,37.92842125892639
167,609,478,1354,729,27,37.92842125892639
167,1319,376,1919,618,25,37.94403266906738
168,3,487,394,716,26,38.12940001487732
168,609,484,1335,730,27,38.12940001487732
168,1310,384,1919,620,25,38.12940001487732
169,6,484,430,714,26,38.296592712402344
169,612,484,1316,727,27,38.296592712402344
169,1306,386,1920,620,25,38.296592712402344
170,8,481,457,711,26,38.493584394454956
170,619,483,1308,721,27,38.50925254821777
170,1304,385,1920,616,25,38.5110924243927
171,7,503,393,709,26,38.730945110321045
171,624,484,1303,719,27,38.73222208023071
171,1300,386,1920,615,25,38.73293924331665
172,5,492,463,713,26,38.9078950881958
172,623,488,1292,722,27,38.90902781486511
172,1296,389,1920,618,25,38.909581422805786
173,3,496,490,719,26,39.10968613624573
173,621,496,1279,728,27,39.10968613624573
173,1288,397,1919,624,25,39.10968613624573
174,0,501,502,727,26,39.29367160797119
174,614,504,1264,735,27,39.2942259311676
174,1278,408,1918,633,25,39.2942259311676
174,1829,532,1914,693,28,39.2942259311676
175,0,505,506,732,26,39.47588014602661
175,606,510,1249,741,27,39.47588014602661
175,1266,416,1917,641,25,39.47588014602661
175,1795,538,1911,701,28,39.47588014602661
176,0,507,506,735,26,39.68460559844971
176,595,514,1232,742,27,39.68460559844971
176,1252,421,1915,644,25,39.68460559844971
176,1764,537,1909,704,28,39.68460559844971
177,0,508,509,735,26,39.8455605506897
177,586,516,1217,742,27,39.8455605506897
177,1241,422,1916,645,25,39.8455605506897
177,1732,529,1911,705,28,39.8455605506897
178,0,509,511,734,26,40.01310086250305
178,580,518,1205,741,27,40.01310086250305
178,1232,427,1911,646,25,40.02871751785278
178,1703,513,1913,706,28,40.03082060813904
179,0,512,513,736,26,40.180139780044556
179,576,520,1194,743,27,40.180139780044556
179,1223,430,1900,649,25,40.180139780044556
179,1673,495,1915,710,28,40.180139780044556
180,0,543,408,740,26,40.36135244369507
180,574,527,1184,746,27,40.36135244369507
180,1216,437,1879,653,25,40.36135244369507
180,1647,486,1915,715,28,40.37697505950928
181,1,557,374,746,26,40.54571032524109
181,571,535,1172,751,27,40.54571032524109
181,1206,445,1856,660,25,40.54571032524109
181,1622,483,1915,721,28,40.54571032524109
182,1,569,374,751,26,40.72622585296631
182,572,543,1165,758,27,40.72622585296631
182,1200,454,1837,666,25,40.72622585296631
182,1599,486,1916,727,28,40.72622585296631
183,0,571,371,753,26,40.8958797454834
183,572,546,1160,760,27,40.8958797454834
183,1197,460,1824,670,25,40.8958797454834
183,1580,486,1919,731,28,40.8958797454834
183,166,537,524,671,29,40.8958797454834
184,0,572,366,750,26,41.09725761413574
184,570,545,1154,758,27,41.09725761413574
184,1194,461,1815,671,25,41.10037875175476
184,1565,485,1920,733,28,41.10189652442932
184,169,535,529,667,29,41.10189652442932
185,0,544,476,746,26,41.2382025718689
185,568,543,1148,756,27,41.23877191543579
185,1189,461,1802,669,25,41.23934721946716
185,1546,484,1920,733,28,41.23991680145264
185,171,531,532,664,29,41.24073386192322
186,0,561,414,747,26,41.40896701812744
186,563,545,1141,757,27,41.40896701812744
186,1181,466,1792,671,25,41.40896701812744
186,1527,486,1920,737,28,41.40896701812744
186,173,532,533,669,29,41.40896701812744
187,0,550,493,754,26,41.5790159702301
187,557,552,1131,766,27,41.5790159702301
187,1174,477,1777,682,25,41.5790159702301
187,1505,496,1919,747,28,41.5790159702301
188,0,577,391,765,26,41.743159532547
188,550,566,1120,777,27,41.743159532547
188,1164,493,1759,696,25,41.743159532547
188,1482,510,1918,761,28,41.743159532547
188,172,551,528,691,29,41.743159532547
189,0,567,484,772,26,41.91701364517212
189,543,578,1110,784,27,41.91701364517212
189,1154,505,1742,706,25,41.91701364517212
189,1460,523,1917,774,28,41.91701364517212
190,0,566,508,773,26,42.09044075012207
190,535,583,1100,787,27,42.09044075012207
190,1144,512,1724,713,25,42.09044075012207
190,1438,533,1917,780,28,42.09044075012207
191,0,565,516,772,26,42.26344871520996
191,528,585,1091,786,27,42.26344871520996
191,1134,515,1706,713,25,42.26344871520996
191,1417,536,1916,781,28,42.26344871520996
192,0,560,517,768,26,42.43601584434509
192,520,583,1081,782,27,42.43601584434509
192,1125,514,1694,711,25,42.43601584434509
192,1397,537,1918,780,28,42.43601584434509
193,0,555,517,762,26,42.60893225669861
193,515,577,1073,776,27,42.60893225669861
193,1116,513,1679,706,25,42.60893225669861
193,1379,534,1918,774,28,42.60893225669861
193,155,555,510,687,29,42.60893225669861
194,0,574,375,757,26,42.82867765426636
194,512,574,1067,771,27,42.82867765426636
194,1112,510,1671,701,25,42.82867765426636
194,1363,533,1919,771,28,42.82867765426636
194,155,552,511,685,29,42.82867765426636
195,0,562,473,761,26,43.00249767303467
195,511,577,1062,774,27,43.00249767303467
195,1106,516,1658,704,25,43.00249767303467
195,1345,537,1918,773,28,43.00249767303467
195,158,555,511,687,29,43.00249767303467
196,0,564,497,768,26,43.17369198799133
196,505,585,1051,780,27,43.17369198799133
196,1095,525,1636,711,25,43.17369198799133
196,1325,548,1918,781,28,43.18933367729187
196,154,563,506,708,29,43.18933367729187
197,0,567,501,772,26,43.362892866134644
197,497,590,1040,783,27,43.37791156768799
197,1081,529,1624,716,25,43.37791156768799
197,1299,553,1914,785,28,43.37791156768799
198,0,567,497,770,26,43.577200412750244
198,487,589,1025,781,27,43.578240394592285
198,1066,530,1563,713,25,43.57927393913269
198,1278,554,1911,783,28,43.57988524436951
199,0,563,489,765,26,43.781954288482666
199,475,586,1009,775,27,43.783111810684204
199,1050,528,1509,709,25,43.78426551818848
199,1253,551,1908,777,28,43.784865617752075
200,0,558,480,757,26,43.95867586135864
200,463,579,996,767,27,43.95867586135864
200,1035,523,1471,701,25,43.95867586135864
200,1226,547,1907,770,28,43.97031617164612
201,51,552,468,738,26,44.20710206031799
201,453,573,979,760,27,44.20710206031799
201,1019,519,1448,695,25,44.20710206031799
201,1206,540,1885,762,28,44.20710206031799
202,18,547,457,731,26,44.37944293022156
202,442,567,967,753,27,44.37944293022156
202,1006,514,1429,690,25,44.37944293022156
202,1185,536,1860,756,28,44.37944293022156
203,8,543,449,726,26,44.56798481941223
203,433,563,954,748,27,44.56798481941223
203,994,510,1412,686,25,44.56798481941223
203,1168,534,1834,752,28,44.56798481941223
204,6,540,443,719,26,44.75598478317261
204,425,558,945,743,27,44.75598478317261
204,985,507,1397,681,25,44.75598478317261
204,1151,528,1812,747,28,44.75598478317261
205,5,532,439,712,26,44.93302655220032
205,419,550,938,734,27,44.93302655220032
205,975,500,1398,672,25,44.93302655220032
205,1137,521,1789,738,28,44.93302655220032
206,2,541,271,699,26,45.118067026138306
206,416,539,931,723,27,45.11939024925232
206,965,491,1395,660,25,45.12053370475769
206,1124,513,1771,728,28,45.12227702140808
206,86,524,431,670,29,45.124462366104126
207,413,535,924,716,27,45.28263211250305
207,959,484,1373,653,25,45.283135414123535
207,1109,506,1749,720,28,45.28366184234619
207,27,515,428,682,29,45.28419899940491
208,407,532,916,713,27,45.477234840393066
208,949,480,1359,650,25,45.477234840393066
208,1096,503,1729,717,28,45.477234840393066
208,8,511,423,686,29,45.477234840393066
209,399,531,906,712,27,45.66609477996826
209,938,479,1347,649,25,45.66609477996826
209,1078,504,1704,714,28,45.66609477996826
209,0,510,415,681,29,45.66609477996826
209,0,542,172,689,26,45.67662715911865
210,387,530,894,711,27,45.88622260093689
210,923,478,1329,648,25,45.88622260093689
210,1058,505,1680,712,28,45.88622260093689
210,32,510,403,664,29,45.88622260093689
210,0,541,150,688,26,45.88622260093689
211,373,531,876,710,27,46.072084188461304
211,905,478,1307,649,25,46.072084188461304
211,1036,506,1650,712,28,46.072084188461304
211,33,510,388,657,29,46.072084188461304
211,0,544,130,687,26,46.072084188461304
212,355,530,857,709,27,46.22859311103821
212,886,478,1292,648,25,46.22859311103821
212,1009,504,1622,710,28,46.22859311103821
212,18,509,370,652,29,46.22859311103821
212,0,536,108,685,26,46.24420189857483
213,336,529,839,706,27,46.43317365646362
213,864,475,1273,646,25,46.43317365646362
213,983,502,1595,707,28,46.43317365646362
213,1,506,350,650,29,46.43317365646362
213,0,531,87,682,26,46.43317365646362
214,319,528,823,704,27,46.63762092590332
214,847,475,1254,645,25,46.63762092590332
214,959,503,1570,707,28,46.63762092590332
214,0,504,333,654,29,46.63762092590332
215,300,529,806,707,27,46.80993056297302
215,827,478,1236,648,25,46.80993056297302
215,941,504,1545,710,28,46.80993056297302
215,0,505,316,663,29,46.80993056297302
216,282,536,789,712,27,47.01359796524048
216,808,483,1218,652,25,47.01359796524048
216,919,512,1521,717,28,47.029934883117676
216,0,508,298,669,29,47.03118968009949
217,264,541,773,715,27,47.20294904708862
217,789,488,1196,655,25,47.20294904708862
217,897,510,1495,722,28,47.218578815460205
217,0,513,280,664,29,47.218578815460205
218,244,543,757,718,27,47.392521381378174
218,770,492,1182,658,25,47.39372491836548
218,875,512,1473,724,28,47.39429426193237
218,0,515,261,664,29,47.39554977416992
219,225,546,739,722,27,47.58111310005188
219,751,495,1184,663,25,47.58111310005188
219,856,514,1449,729,28,47.58111310005188
219,0,517,242,663,29,47.58111310005188
220,208,548,723,725,27,47.8002564907074
220,734,499,1150,667,25,47.8002564907074
220,834,508,1428,733,28,47.8002564907074
220,0,519,225,662,29,47.8002564907074
221,189,549,706,725,27,47.97272753715515
221,712,500,1127,668,25,47.97272753715515
221,813,518,1404,733,28,47.97272753715515
221,0,519,206,657,29,47.97272753715515
222,167,546,687,721,27,48.17680644989014
222,690,497,1102,665,25,48.17680644989014
222,788,509,1379,730,28,48.17680644989014
222,0,517,185,654,29,48.17680644989014
223,145,544,665,717,27,48.39784646034241
223,665,495,1076,662,25,48.40357732772827
223,765,513,1351,726,28,48.40472602844238
223,0,514,161,647,29,48.405277252197266
224,122,542,642,714,27,48.602707624435425
224,641,493,1107,660,25,48.602707624435425
224,737,519,1321,724,28,48.602707624435425
224,0,514,139,644,29,48.602707624435425
225,97,541,618,713,27,48.77423334121704
225,614,493,1078,660,25,48.77423334121704
225,711,518,1291,724,28,48.77423334121704
225,0,513,115,642,29,48.77423334121704
226,74,542,594,715,27,48.96187949180603
226,590,494,1043,661,25,48.96187949180603
226,685,522,1262,725,28,48.9775013923645
226,0,519,92,644,29,48.9794180393219
227,54,543,573,715,27,49.16587209701538
227,568,496,1009,663,25,49.16587209701538
227,661,520,1237,727,28,49.16587209701538
228,27,545,555,716,27,49.338502168655396
228,549,497,972,663,25,49.338502168655396
228,642,518,1214,727,28,49.338502168655396
229,11,542,538,714,27,49.51331114768982
229,531,496,957,662,25,49.51331114768982
229,623,526,1193,725,28,49.51331114768982
230,26,536,539,709,27,49.682480335235596
230,529,491,997,656,25,49.682480335235596
230,619,526,1188,721,28,49.682480335235596
231,52,530,529,702,27,49.85567021369934
231,519,484,979,649,25,49.85567021369934
231,602,523,1170,714,28,49.85567021369934
232,57,524,514,693,27,50.02768063545227
232,500,477,936,641,25,50.02768063545227
232,581,515,1152,704,28,50.02768063545227
233,65,518,497,687,27,50.265198707580566
233,481,470,936,635,25,50.265198707580566
233,562,507,1131,699,28,50.265198707580566
234,76,518,479,686,27,50.44417095184326
234,470,470,951,636,25,50.44417095184326
234,542,509,1111,701,28,50.452187299728394
235,73,523,472,686,27,50.63973903656006
235,447,477,883,640,25,50.63973903656006
235,524,516,1089,705,28,50.63973903656006
236,89,527,458,686,27,50.81971549987793
236,424,480,840,644,25,50.82041597366333
236,503,521,1065,709,28,50.821064710617065
237,404,481,816,646,25,51.001495361328125
237,481,522,1044,710,28,51.001495361328125
238,378,486,790,645,25,51.19013237953186
238,456,527,1018,713,28,51.19013237953186
239,354,488,765,648,25,51.34637999534607
239,433,529,993,716,28,51.34637999534607
240,340,488,801,644,25,51.53579783439636
240,411,529,969,716,28,51.53579783439636
241,318,486,745,643,25,51.69328427314758
241,388,527,948,715,28,51.708300828933716
242,304,486,715,639,25,51.872653007507324
242,367,526,925,712,28,51.872653007507324
243,289,485,683,629,25,52.03705167770386
243,348,527,908,713,28,52.05267357826233
244,277,487,667,617,25,52.22561597824097
244,335,531,889,716,28,52.22561597824097
245,270,489,637,617,25,52.398197889328
245,322,532,867,716,28,52.398197889328
246,279,490,615,611,25,52.569995641708374
246,327,532,846,716,28,52.569995641708374
247,296,491,587,627,25,52.79115295410156
247,338,536,825,719,28,52.79115295410156
248,315,494,564,593,25,52.98294711112976
248,358,538,805,719,28,52.98294711112976
249,325,495,536,574,25,53.15229892730713
249,356,539,782,708,28,53.15319085121155
250,343,492,513,557,25,53.320068359375
250,369,535,762,704,28,53.32125759124756
251,389,528,740,697,28,53.49990463256836
